GAIN_LOSS,SECURITY,CLOSE_PRIC,PREV_CL_PR,PERCENT_CG
 ,Nifty 50 Sec., , , 
 , , , , 
G,HINDALCO  INDUSTRIES  LTD,       252.70,       242.00,4.42
G,ICICI BANK LTD.,       502.05,       481.85,4.19
G,ADANI PORT & SEZ LTD,       453.70,       435.80,4.11
G,ULTRATECH CEMENT LIMITED,      5091.40,      4893.50,4.04
G,SUN PHARMACEUTICAL IND L,       569.05,       548.25,3.79
G,BHARTI AIRTEL LIMITED,       493.75,       479.90,2.89
G,STATE BANK OF INDIA,       263.50,       256.30,2.81
G,HINDUSTAN UNILEVER LTD.,      2184.20,      2127.75,2.65
G,GRASIM INDUSTRIES LTD,       931.50,       910.05,2.36
G,LARSEN & TOUBRO LTD.,      1149.50,      1125.15,2.16
G,AXIS BANK LIMITED,       614.50,       602.70,1.96
G,INDUSIND BANK LIMITED,       913.65,       896.25,1.94
G,NESTLE INDIA LIMITED,     17828.70,     17492.15,1.92
G,KOTAK MAHINDRA BANK LTD,      1846.25,      1821.00,1.39
G,TITAN COMPANY LIMITED,      1437.15,      1418.50,1.31
G,GAIL (INDIA) LTD,       119.80,       118.25,1.31
G,OIL AND NATURAL GAS CORP.,        89.85,        88.70,1.3
G,HERO MOTOCORP LIMITED,      3180.45,      3139.85,1.29
G,ASIAN PAINTS LIMITED,      2438.75,      2411.40,1.13
G,ITC LTD,       198.20,       196.20,1.02
G,TECH MAHINDRA LIMITED,       923.10,       915.15,.87
G,MARUTI SUZUKI INDIA LTD.,      7803.15,      7739.10,.83
G,INFOSYS LIMITED,      1134.65,      1126.45,.73
G,TATA CONSULTANCY SERV LT,      2727.55,      2709.45,.67
G,MAHINDRA & MAHINDRA LTD,       750.55,       745.85,.63
G,CIPLA LTD,       766.95,       762.15,.63
G,HDFC BANK LTD,      1385.60,      1377.20,.61
G,SBI LIFE INSURANCE CO LTD,       863.00,       858.15,.57
G,INDIAN OIL CORP LTD,        90.40,        89.90,.56
G,DIVI'S LABORATORIES LTD,      3711.95,      3692.35,.53
 , , , , 
L,RELIANCE INDUSTRIES LTD,      1946.75,      1964.05,-0.88
L,HDFC LIFE INS CO LTD,       643.25,       647.95,-0.73
L,BAJAJ FINSERV LTD.,      9052.45,      9114.05,-0.68
L,HCL TECHNOLOGIES LTD,       858.50,       862.20,-0.43
L,BHARAT PETROLEUM CORP  LT,       392.30,       393.90,-0.41
L,TATA MOTORS LIMITED,       184.15,       184.85,-0.38
L,HDFC LTD,      2245.90,      2253.95,-0.36
L,DR. REDDY'S LABORATORIES,      4908.55,      4923.05,-0.29
L,JSW STEEL LIMITED,       370.40,       370.85,-0.12
L,COAL INDIA LTD,       133.30,       133.45,-0.11
 , , , , 
 ,Nifty Next 50 Sec., , , 
 , , , , 
G,INTERGLOBE AVIATION LTD,      1744.80,      1644.05,6.13
G,BANDHAN BANK LIMITED,       393.40,       376.60,4.46
G,DLF LIMITED,       211.30,       203.00,4.09
G,SBI CARDS & PAY SER LTD,       858.85,       838.65,2.41
G,TATA CONSUMER PRODUCT LTD,       563.50,       550.40,2.38
G,PETRONET LNG LIMITED,       262.05,       256.05,2.34
G,ADANI TRANSMISSION LTD,       436.55,       427.80,2.05
G,UNITED BREWERIES LTD,      1091.65,      1070.00,2.02
G,BIOCON LIMITED.,       442.65,       433.90,2.02
G,LUPIN LIMITED,       933.30,       915.45,1.95
G,INFO EDGE (I) LTD,      4236.00,      4157.75,1.88
G,CADILA HEALTHCARE LIMITED,       471.05,       462.95,1.75
G,MOTHERSON SUMI SYSTEMS LT,       158.85,       156.50,1.5
G,UNITED SPIRITS LIMITED,       579.60,       571.40,1.44
G,MARICO LIMITED,       395.05,       389.65,1.39
G,HINDUSTAN ZINC LIMITED,       241.20,       238.10,1.3
G,BANK OF BARODA,        59.05,        58.30,1.29
G,NMDC LTD.,       106.85,       105.75,1.04
G,HDFC AMC LIMITED,      2591.15,      2565.90,0.98
G,POWER FIN CORP LTD.,       115.50,       114.45,0.92
G,BOSCH LIMITED,     13119.65,     13006.70,0.87
G,ALKEM LABORATORIES LTD.,      2863.40,      2847.85,0.55
G,BERGER PAINTS (I) LTD,       671.20,       668.85,0.35
G,AUROBINDO PHARMA LTD,       900.65,       898.15,0.28
G,DABUR INDIA LTD,       502.30,       501.50,0.16
G,COLGATE PALMOLIVE LTD.,      1540.80,      1538.65,0.14
 , , , , 
L,AMBUJA CEMENTS LTD,       252.55,       261.10,-3.27
L,ACC LIMITED,      1665.95,      1718.10,-3.04
L,ICICI LOMBARD GIC LIMITED,      1450.25,      1482.10,-2.15
L,HINDUSTAN PETROLEUM CORP,       216.65,       220.25,-1.63
L,PIRAMAL ENTERPRISES LTD,      1468.35,      1492.65,-1.63
L,ADANI GREEN ENERGY LTD,      1129.75,      1145.00,-1.33
L,CONTAINER CORP OF IND LTD,       412.65,       417.60,-1.19
L,AVENUE SUPERMARTS LIMITED,      2441.90,      2470.85,-1.17
L,INDRAPRASTHA GAS LTD,       478.45,       484.10,-1.17
L,L&T INFOTECH LIMITED,      3265.15,      3300.65,-1.08
L,GENERAL INS CORP OF INDIA,       139.45,       140.75,-0.92
L,BHARTI INFRATEL LTD.,       237.35,       239.55,-0.92
L,MUTHOOT FINANCE LIMITED,      1172.00,      1179.10,-0.6
L,PIDILITE INDUSTRIES LTD,      1606.70,      1615.05,-0.52
L,PUNJAB NATIONAL BANK,        35.65,        35.80,-0.42
L,SIEMENS LTD,      1528.75,      1534.25,-0.36
L,HAVELLS INDIA LIMITED,       829.50,       832.30,-0.34
L,ORACLE FIN SERV SOFT LTD.,      3042.30,      3052.05,-0.32
L,GODREJ CONSUMER PRODUCTS,       710.00,       712.20,-0.31
L,ABBOTT INDIA LIMITED,     15247.05,     15291.10,-0.29
L,ICICI PRU LIFE INS CO LTD,       476.20,       477.45,-0.26
L,TORRENT PHARMACEUTICALS L,      2665.25,      2670.15,-0.18
L,BAJAJ HOLDINGS & INVS LTD,      3138.05,      3142.65,-0.15
L,P&G HYGIENE & HEALTH CARE,     10940.65,     10949.10,-0.08
 , , , , 
 ,OTHER SECURITIES, , , 
 , , , , 
G,CAPITAL TRUST LIMITED,        85.20,        71.00,20
G,BOND8.63% PA TF TR II S2A,      1530.00,      1275.00,20
G,RAMKY INFRA LTD,        42.30,        35.25,20
G,MOLD TEK PACKAGING LTD,       114.30,        95.25,20
G,OLECTRA GREENTECH LIMITED,       107.15,        89.30,19.99
G,JINDAL PHOTO LIMITED,        18.35,        15.30,19.93
G,8.54% SEC RED BOND S2A,      1491.90,      1245.00,19.83
G,8.66%S-R-NCD SERIES 3A,      2000.00,      1670.00,19.76
G,INDOSTAR CAPITAL FIN LTD,       356.65,       299.20,19.2
G,SADBHAV INFRA PROJ LTD.,        22.30,        18.95,17.68
G,BOND 8.40% PA TF TI-SIIA,      1549.99,      1318.00,17.6
G,R.P.P INFRA PROJECTS LTD,        52.30,        44.80,16.74
G,JMC PROJECTS (I) LTD.,        75.00,        64.35,16.55
G,LOVABLE LINGERIE LTD,        98.95,        85.75,15.39
G,THE BYKE HOSPITALITY LTD,        19.95,        17.35,14.99
G,8.50% TAX FREE TR I S IIA,      1499.99,      1310.01,14.5
G,PROSEED INDIA LIMITED,          .40,          .35,14.29
G,GAYATRI HIGHWAYS LIMITED,          .40,          .35,14.29
G,INDIAN RAIL TOUR CORP LTD,      1570.60,      1378.05,13.97
G,FCS SOFTWARE SOLN. LTD.,          .45,          .40,12.5
G,MARAL OVERSEAS LTD,        20.30,        18.20,11.54
G,VIJI FINANCE LIMITED,          .50,          .45,11.11
G,DONEAR IND. LIMITED,        35.40,        31.90,10.97
G,20 MICRONS LTD,        36.35,        32.80,10.82
G,SERENCD8.70%SRICI&II,      1110.00,      1002.15,10.76
G,SPICEJET LIMITED,        89.35,        81.10,10.17
G,ADANI POWER LTD,        59.60,        54.15,10.06
G,UNS RED NCD SR. III,       890.00,       808.94,10.02
G,PRADIP OVERSEAS LTD,          .55,          .50,10
G,MEP INFRA. DEVELOPERS LTD,        15.40,        14.00,10
 , , , , 
L,SEC RED NCD 8.65% SR. VI,       580.63,       700.00,-17.05
L,BOND 8.63% PA TF TII-SIIA,      1350.00,      1603.00,-15.78
L,DILIGENT MEDIA CORP LTD.,          .35,          .40,-12.5
L,MT EDUCARE LTD,        11.40,        12.95,-11.97
L,SEC RED NCD SR. V,      1018.50,      1150.00,-11.43
L,VAKRANGEE LIMITED,        41.50,        46.10,-9.98
L,SALZER ELECTRONICS LTD,       135.55,       150.25,-9.78
L,PANACEA BIOTEC LTD,       214.25,       233.45,-8.22
L,RKEC PROJECTS LIMITED,        36.00,        39.00,-7.69
L,BODHI TREE MULTIMEDIA LTD,        83.00,        89.90,-7.68
L,MMTC LIMITED,        19.60,        21.00,-6.67
L,SOLEX ENERGY LIMITED,        34.45,        36.90,-6.64
L,BOND 8.01% TAX FREE S1A,      1077.65,      1154.00,-6.62
L,SERENCD9.00%SRVCIII&IV,       835.91,       890.55,-6.14
L,MERCATOR LIMITED,          .80,          .85,-5.88
L,SEC RED NCD 9.70% SR. V,      1130.00,      1200.00,-5.83
L,MANALI PETROCHEMICALS LT,        34.20,        36.25,-5.66
L,GANGES SECURITIES LIMITED,        56.15,        59.50,-5.63
L,CONFIDENCE PETRO IND LTD.,        31.15,        33.00,-5.61
L,SEC RED NCD 9.15% SR III,       180.00,       190.00,-5.26
L,DEEP ENE RESOURCES LTD,        39.90,        42.10,-5.23
L,VINYL CHEMICALS (I) LTD.,       124.30,       131.15,-5.22
L,SUVEN LIFE SCIENCES LTD,        54.90,        57.90,-5.18
L,KOTHARI SUG & CHEM LTD.,        16.55,        17.45,-5.16
L,GUJARAT SIDHEE CEM. LTD.,        35.10,        37.00,-5.14
L,SMARTLINK HOLDINGS LTD,        99.95,       105.30,-5.08
L,NRB BEARING LIMITED,        80.65,        84.95,-5.06
L,GSS INFOTECH LIMITED,        46.30,        48.75,-5.03
L,TIMES GUARANTY LIMITED,        29.45,        31.00,-5
L,SHYAM TELECOM LIMITED,         4.75,         5.00,-5
